Region Name,Region Unique Number,Number of Voxels,Mask File Path,Delta X,Delta Y,Delta Z,Mask Center,Mni_Scaled
frontal,32,51,/data/users4/sdeshpande8/3D_Mask_Brain_CNN/3D_Mask_Data/masks_3D_parietal/frontal_32.nii,14,18,10,"[93, 79, 49, 1]","[-0.66, -0.068, 0.018]"
frontal,33,22,/data/users4/sdeshpande8/3D_Mask_Brain_CNN/3D_Mask_Data/masks_3D_parietal/frontal_33.nii,10,7,4,"[97, 75, 54, 1]","[-0.74, -0.123, 0.106]"
frontal,34,105,/data/users4/sdeshpande8/3D_Mask_Brain_CNN/3D_Mask_Data/masks_3D_parietal/frontal_34.nii,8,5,10,"[85, 70, 54, 1]","[-0.5, -0.191, 0.106]"
frontal,35,492,/data/users4/sdeshpande8/3D_Mask_Brain_CNN/3D_Mask_Data/masks_3D_parietal/frontal_35.nii,7,14,12,"[87, 78, 55, 1]","[-0.54, -0.082, 0.124]"
frontal,36,83,/data/users4/sdeshpande8/3D_Mask_Brain_CNN/3D_Mask_Data/masks_3D_parietal/frontal_36.nii,8,6,4,"[85, 70, 59, 1]","[-0.5, -0.191, 0.194]"
frontal,39,466,/data/users4/sdeshpande8/3D_Mask_Brain_CNN/3D_Mask_Data/masks_3D_parietal/frontal_39.nii,15,10,10,"[94, 75, 56, 1]","[-0.68, -0.123, 0.141]"
frontal,40,130,/data/users4/sdeshpande8/3D_Mask_Brain_CNN/3D_Mask_Data/masks_3D_parietal/frontal_40.nii,9,9,4,"[100, 80, 53, 1]","[-0.8, -0.055, 0.088]"
frontal,41,147,/data/users4/sdeshpande8/3D_Mask_Brain_CNN/3D_Mask_Data/masks_3D_parietal/frontal_41.nii,9,4,5,"[94, 71, 59, 1]","[-0.68, -0.177, 0.194]"
frontal,42,119,/data/users4/sdeshpande8/3D_Mask_Brain_CNN/3D_Mask_Data/masks_3D_parietal/frontal_42.nii,5,7,6,"[100, 73, 58, 1]","[-0.8, -0.15, 0.176]"
frontal,49,342,/data/users4/sdeshpande8/3D_Mask_Brain_CNN/3D_Mask_Data/masks_3D_parietal/frontal_49.nii,9,13,11,"[66, 75, 78, 1]","[-0.12, -0.123, 0.529]"
frontal,56,404,/data/users4/sdeshpande8/3D_Mask_Brain_CNN/3D_Mask_Data/masks_3D_parietal/frontal_56.nii,5,11,11,"[64, 79, 88, 1]","[-0.08, -0.068, 0.706]"
frontal,61,230,/data/users4/sdeshpande8/3D_Mask_Brain_CNN/3D_Mask_Data/masks_3D_parietal/frontal_61.nii,7,7,14,"[75, 79, 90, 1]","[-0.3, -0.068, 0.741]"
frontal,64,36,/data/users4/sdeshpande8/3D_Mask_Brain_CNN/3D_Mask_Data/masks_3D_parietal/frontal_64.nii,5,2,8,"[64, 75, 95, 1]","[-0.08, -0.123, 0.829]"
frontal,65,206,/data/users4/sdeshpande8/3D_Mask_Brain_CNN/3D_Mask_Data/masks_3D_parietal/frontal_65.nii,7,11,9,"[69, 80, 95, 1]","[-0.18, -0.055, 0.829]"
frontal,86,103,/data/users4/sdeshpande8/3D_Mask_Brain_CNN/3D_Mask_Data/masks_3D_parietal/frontal_86.nii,7,6,9,"[85, 85, 83, 1]","[-0.5, 0.014, 0.618]"
frontal,87,679,/data/users4/sdeshpande8/3D_Mask_Brain_CNN/3D_Mask_Data/masks_3D_parietal/frontal_87.nii,11,15,15,"[79, 84, 86, 1]","[-0.38, 0.0, 0.671]"
frontal,88,59,/data/users4/sdeshpande8/3D_Mask_Brain_CNN/3D_Mask_Data/masks_3D_parietal/frontal_88.nii,6,7,11,"[79, 80, 84, 1]","[-0.38, -0.055, 0.635]"
frontal,89,830,/data/users4/sdeshpande8/3D_Mask_Brain_CNN/3D_Mask_Data/masks_3D_parietal/frontal_89.nii,10,16,17,"[75, 88, 89, 1]","[-0.3, 0.055, 0.724]"
frontal,90,87,/data/users4/sdeshpande8/3D_Mask_Brain_CNN/3D_Mask_Data/masks_3D_parietal/frontal_90.nii,11,5,11,"[91, 90, 67, 1]","[-0.62, 0.082, 0.335]"
frontal,91,63,/data/users4/sdeshpande8/3D_Mask_Brain_CNN/3D_Mask_Data/masks_3D_parietal/frontal_91.nii,8,4,6,"[90, 87, 75, 1]","[-0.6, 0.041, 0.476]"
frontal,97,10,/data/users4/sdeshpande8/3D_Mask_Brain_CNN/3D_Mask_Data/masks_3D_parietal/frontal_97.nii,2,3,5,"[89, 81, 41, 1]","[-0.58, -0.041, -0.124]"
frontal,98,923,/data/users4/sdeshpande8/3D_Mask_Brain_CNN/3D_Mask_Data/masks_3D_parietal/frontal_98.nii,9,17,17,"[86, 86, 45, 1]","[-0.52, 0.027, -0.053]"
frontal,99,399,/data/users4/sdeshpande8/3D_Mask_Brain_CNN/3D_Mask_Data/masks_3D_parietal/frontal_99.nii,9,12,9,"[84, 99, 48, 1]","[-0.48, 0.205, 0.0]"
frontal,100,312,/data/users4/sdeshpande8/3D_Mask_Brain_CNN/3D_Mask_Data/masks_3D_parietal/frontal_100.nii,7,10,15,"[87, 74, 48, 1]","[-0.54, -0.136, 0.0]"
frontal,101,377,/data/users4/sdeshpande8/3D_Mask_Brain_CNN/3D_Mask_Data/masks_3D_parietal/frontal_101.nii,9,15,7,"[84, 97, 53, 1]","[-0.48, 0.177, 0.088]"
frontal,102,248,/data/users4/sdeshpande8/3D_Mask_Brain_CNN/3D_Mask_Data/masks_3D_parietal/frontal_102.nii,8,10,8,"[85, 87, 55, 1]","[-0.5, 0.041, 0.124]"
frontal,103,303,/data/users4/sdeshpande8/3D_Mask_Brain_CNN/3D_Mask_Data/masks_3D_parietal/frontal_103.nii,11,12,9,"[91, 91, 50, 1]","[-0.62, 0.095, 0.035]"
frontal,104,419,/data/users4/sdeshpande8/3D_Mask_Brain_CNN/3D_Mask_Data/masks_3D_parietal/frontal_104.nii,12,15,10,"[94, 85, 51, 1]","[-0.68, 0.014, 0.053]"
frontal,105,258,/data/users4/sdeshpande8/3D_Mask_Brain_CNN/3D_Mask_Data/masks_3D_parietal/frontal_105.nii,9,6,21,"[96, 91, 58, 1]","[-0.72, 0.095, 0.176]"
frontal,106,1262,/data/users4/sdeshpande8/3D_Mask_Brain_CNN/3D_Mask_Data/masks_3D_parietal/frontal_106.nii,15,17,21,"[81, 113, 70, 1]","[-0.42, 0.395, 0.388]"
frontal,107,698,/data/users4/sdeshpande8/3D_Mask_Brain_CNN/3D_Mask_Data/masks_3D_parietal/frontal_107.nii,8,14,13,"[64, 98, 70, 1]","[-0.08, 0.191, 0.388]"
frontal,108,619,/data/users4/sdeshpande8/3D_Mask_Brain_CNN/3D_Mask_Data/masks_3D_parietal/frontal_108.nii,8,17,14,"[64, 85, 76, 1]","[-0.08, 0.014, 0.494]"
frontal,109,191,/data/users4/sdeshpande8/3D_Mask_Brain_CNN/3D_Mask_Data/masks_3D_parietal/frontal_109.nii,9,8,5,"[66, 70, 75, 1]","[-0.12, -0.191, 0.476]"
frontal,110,804,/data/users4/sdeshpande8/3D_Mask_Brain_CNN/3D_Mask_Data/masks_3D_parietal/frontal_110.nii,8,15,17,"[64, 90, 81, 1]","[-0.08, 0.082, 0.582]"
frontal,113,346,/data/users4/sdeshpande8/3D_Mask_Brain_CNN/3D_Mask_Data/masks_3D_parietal/frontal_113.nii,11,12,8,"[67, 82, 94, 1]","[-0.14, -0.027, 0.812]"
frontal,114,472,/data/users4/sdeshpande8/3D_Mask_Brain_CNN/3D_Mask_Data/masks_3D_parietal/frontal_114.nii,9,20,9,"[70, 99, 34, 1]","[-0.2, 0.205, -0.247]"
frontal,115,909,/data/users4/sdeshpande8/3D_Mask_Brain_CNN/3D_Mask_Data/masks_3D_parietal/frontal_115.nii,13,20,12,"[76, 99, 36, 1]","[-0.32, 0.205, -0.212]"
frontal,116,1197,/data/users4/sdeshpande8/3D_Mask_Brain_CNN/3D_Mask_Data/masks_3D_parietal/frontal_116.nii,18,22,11,"[69, 116, 35, 1]","[-0.18, 0.436, -0.229]"
frontal,117,494,/data/users4/sdeshpande8/3D_Mask_Brain_CNN/3D_Mask_Data/masks_3D_parietal/frontal_117.nii,6,16,11,"[64, 102, 35, 1]","[-0.08, 0.245, -0.229]"
frontal,118,859,/data/users4/sdeshpande8/3D_Mask_Brain_CNN/3D_Mask_Data/masks_3D_parietal/frontal_118.nii,19,9,14,"[72, 127, 42, 1]","[-0.24, 0.586, -0.106]"
frontal,134,622,/data/users4/sdeshpande8/3D_Mask_Brain_CNN/3D_Mask_Data/masks_3D_parietal/frontal_134.nii,11,18,7,"[79, 117, 39, 1]","[-0.38, 0.45, -0.159]"
frontal,135,945,/data/users4/sdeshpande8/3D_Mask_Brain_CNN/3D_Mask_Data/masks_3D_parietal/frontal_135.nii,13,16,19,"[90, 117, 45, 1]","[-0.6, 0.45, -0.053]"
frontal,136,700,/data/users4/sdeshpande8/3D_Mask_Brain_CNN/3D_Mask_Data/masks_3D_parietal/frontal_136.nii,13,14,15,"[92, 108, 57, 1]","[-0.64, 0.327, 0.159]"
frontal,137,808,/data/users4/sdeshpande8/3D_Mask_Brain_CNN/3D_Mask_Data/masks_3D_parietal/frontal_137.nii,10,15,16,"[87, 117, 57, 1]","[-0.54, 0.45, 0.159]"
frontal,138,757,/data/users4/sdeshpande8/3D_Mask_Brain_CNN/3D_Mask_Data/masks_3D_parietal/frontal_138.nii,12,12,13,"[79, 121, 58, 1]","[-0.38, 0.505, 0.176]"
frontal,139,979,/data/users4/sdeshpande8/3D_Mask_Brain_CNN/3D_Mask_Data/masks_3D_parietal/frontal_139.nii,13,13,16,"[89, 110, 63, 1]","[-0.58, 0.355, 0.265]"
frontal,140,1168,/data/users4/sdeshpande8/3D_Mask_Brain_CNN/3D_Mask_Data/masks_3D_parietal/frontal_140.nii,14,16,17,"[90, 97, 68, 1]","[-0.6, 0.177, 0.353]"
frontal,141,342,/data/users4/sdeshpande8/3D_Mask_Brain_CNN/3D_Mask_Data/masks_3D_parietal/frontal_141.nii,15,11,10,"[89, 91, 71, 1]","[-0.58, 0.095, 0.406]"
frontal,142,786,/data/users4/sdeshpande8/3D_Mask_Brain_CNN/3D_Mask_Data/masks_3D_parietal/frontal_142.nii,13,13,14,"[86, 107, 75, 1]","[-0.52, 0.314, 0.476]"
frontal,143,354,/data/users4/sdeshpande8/3D_Mask_Brain_CNN/3D_Mask_Data/masks_3D_parietal/frontal_143.nii,12,11,8,"[83, 96, 43, 1]","[-0.46, 0.164, -0.088]"
frontal,146,205,/data/users4/sdeshpande8/3D_Mask_Brain_CNN/3D_Mask_Data/masks_3D_parietal/frontal_146.nii,4,17,8,"[62, 88, 67, 1]","[-0.04, 0.055, 0.335]"
frontal,147,135,/data/users4/sdeshpande8/3D_Mask_Brain_CNN/3D_Mask_Data/masks_3D_parietal/frontal_147.nii,4,13,3,"[62, 72, 68, 1]","[-0.04, -0.164, 0.353]"
frontal,148,858,/data/users4/sdeshpande8/3D_Mask_Brain_CNN/3D_Mask_Data/masks_3D_parietal/frontal_148.nii,6,17,19,"[63, 103, 79, 1]","[-0.06, 0.259, 0.547]"
frontal,153,2,/data/users4/sdeshpande8/3D_Mask_Brain_CNN/3D_Mask_Data/masks_3D_parietal/frontal_153.nii,0,1,0,"[90, 88, 42, 1]","[-0.6, 0.055, -0.106]"
frontal,166,706,/data/users4/sdeshpande8/3D_Mask_Brain_CNN/3D_Mask_Data/masks_3D_parietal/frontal_166.nii,14,15,13,"[84, 100, 40, 1]","[-0.48, 0.218, -0.141]"
frontal,167,312,/data/users4/sdeshpande8/3D_Mask_Brain_CNN/3D_Mask_Data/masks_3D_parietal/frontal_167.nii,11,11,7,"[84, 109, 39, 1]","[-0.48, 0.341, -0.159]"
frontal,168,635,/data/users4/sdeshpande8/3D_Mask_Brain_CNN/3D_Mask_Data/masks_3D_parietal/frontal_168.nii,7,18,14,"[65, 119, 42, 1]","[-0.1, 0.477, -0.106]"
frontal,169,819,/data/users4/sdeshpande8/3D_Mask_Brain_CNN/3D_Mask_Data/masks_3D_parietal/frontal_169.nii,8,20,11,"[64, 108, 43, 1]","[-0.08, 0.327, -0.088]"
frontal,170,580,/data/users4/sdeshpande8/3D_Mask_Brain_CNN/3D_Mask_Data/masks_3D_parietal/frontal_170.nii,11,17,13,"[91, 105, 42, 1]","[-0.62, 0.286, -0.106]"
frontal,171,552,/data/users4/sdeshpande8/3D_Mask_Brain_CNN/3D_Mask_Data/masks_3D_parietal/frontal_171.nii,12,10,11,"[79, 122, 48, 1]","[-0.38, 0.518, 0.0]"
frontal,172,567,/data/users4/sdeshpande8/3D_Mask_Brain_CNN/3D_Mask_Data/masks_3D_parietal/frontal_172.nii,13,15,9,"[92, 104, 49, 1]","[-0.64, 0.273, 0.018]"
frontal,173,415,/data/users4/sdeshpande8/3D_Mask_Brain_CNN/3D_Mask_Data/masks_3D_parietal/frontal_173.nii,8,11,12,"[64, 125, 52, 1]","[-0.08, 0.559, 0.071]"
frontal,174,1084,/data/users4/sdeshpande8/3D_Mask_Brain_CNN/3D_Mask_Data/masks_3D_parietal/frontal_174.nii,9,16,16,"[65, 113, 53, 1]","[-0.1, 0.395, 0.088]"
frontal,175,887,/data/users4/sdeshpande8/3D_Mask_Brain_CNN/3D_Mask_Data/masks_3D_parietal/frontal_175.nii,11,15,20,"[95, 99, 56, 1]","[-0.7, 0.205, 0.141]"
frontal,176,553,/data/users4/sdeshpande8/3D_Mask_Brain_CNN/3D_Mask_Data/masks_3D_parietal/frontal_176.nii,15,7,13,"[71, 128, 55, 1]","[-0.22, 0.6, 0.124]"
frontal,177,896,/data/users4/sdeshpande8/3D_Mask_Brain_CNN/3D_Mask_Data/masks_3D_parietal/frontal_177.nii,8,15,19,"[64, 105, 63, 1]","[-0.08, 0.286, 0.265]"
frontal,178,1498,/data/users4/sdeshpande8/3D_Mask_Brain_CNN/3D_Mask_Data/masks_3D_parietal/frontal_178.nii,8,22,24,"[64, 118, 69, 1]","[-0.08, 0.464, 0.371]"
frontal,179,797,/data/users4/sdeshpande8/3D_Mask_Brain_CNN/3D_Mask_Data/masks_3D_parietal/frontal_179.nii,11,14,23,"[71, 121, 69, 1]","[-0.22, 0.505, 0.371]"
frontal,180,788,/data/users4/sdeshpande8/3D_Mask_Brain_CNN/3D_Mask_Data/masks_3D_parietal/frontal_180.nii,9,17,22,"[76, 118, 69, 1]","[-0.32, 0.464, 0.371]"
frontal,181,581,/data/users4/sdeshpande8/3D_Mask_Brain_CNN/3D_Mask_Data/masks_3D_parietal/frontal_181.nii,9,14,12,"[78, 103, 78, 1]","[-0.36, 0.259, 0.529]"
frontal,182,980,/data/users4/sdeshpande8/3D_Mask_Brain_CNN/3D_Mask_Data/masks_3D_parietal/frontal_182.nii,18,16,19,"[87, 97, 81, 1]","[-0.54, 0.177, 0.582]"
frontal,183,368,/data/users4/sdeshpande8/3D_Mask_Brain_CNN/3D_Mask_Data/masks_3D_parietal/frontal_183.nii,9,15,9,"[66, 113, 82, 1]","[-0.12, 0.395, 0.6]"
frontal,184,514,/data/users4/sdeshpande8/3D_Mask_Brain_CNN/3D_Mask_Data/masks_3D_parietal/frontal_184.nii,10,14,15,"[73, 108, 81, 1]","[-0.26, 0.327, 0.582]"
frontal,185,621,/data/users4/sdeshpande8/3D_Mask_Brain_CNN/3D_Mask_Data/masks_3D_parietal/frontal_185.nii,11,12,16,"[89, 89, 81, 1]","[-0.58, 0.068, 0.582]"
frontal,186,495,/data/users4/sdeshpande8/3D_Mask_Brain_CNN/3D_Mask_Data/masks_3D_parietal/frontal_186.nii,8,17,13,"[80, 94, 86, 1]","[-0.4, 0.136, 0.671]"
frontal,187,490,/data/users4/sdeshpande8/3D_Mask_Brain_CNN/3D_Mask_Data/masks_3D_parietal/frontal_187.nii,7,14,15,"[75, 97, 83, 1]","[-0.3, 0.177, 0.618]"
frontal,188,706,/data/users4/sdeshpande8/3D_Mask_Brain_CNN/3D_Mask_Data/masks_3D_parietal/frontal_188.nii,13,16,11,"[68, 100, 89, 1]","[-0.16, 0.218, 0.724]"
frontal,189,720,/data/users4/sdeshpande8/3D_Mask_Brain_CNN/3D_Mask_Data/masks_3D_parietal/frontal_189.nii,11,14,14,"[67, 91, 90, 1]","[-0.14, 0.095, 0.741]"
frontal,197,26,/data/users4/sdeshpande8/3D_Mask_Brain_CNN/3D_Mask_Data/masks_3D_parietal/frontal_197.nii,3,1,5,"[63, 67, 73, 1]","[-0.06, -0.232, 0.441]"
frontal,198,298,/data/users4/sdeshpande8/3D_Mask_Brain_CNN/3D_Mask_Data/masks_3D_parietal/frontal_198.nii,6,15,9,"[63, 75, 73, 1]","[-0.06, -0.123, 0.441]"
frontal,231,39,/data/users4/sdeshpande8/3D_Mask_Brain_CNN/3D_Mask_Data/masks_3D_parietal/frontal_231.nii,11,15,10,"[27, 84, 45, 1]","[0.66, 0.0, -0.053]"
frontal,233,37,/data/users4/sdeshpande8/3D_Mask_Brain_CNN/3D_Mask_Data/masks_3D_parietal/frontal_233.nii,15,11,6,"[25, 77, 53, 1]","[0.7, -0.095, 0.088]"
frontal,234,114,/data/users4/sdeshpande8/3D_Mask_Brain_CNN/3D_Mask_Data/masks_3D_parietal/frontal_234.nii,7,6,7,"[35, 73, 52, 1]","[0.5, -0.15, 0.071]"
frontal,235,232,/data/users4/sdeshpande8/3D_Mask_Brain_CNN/3D_Mask_Data/masks_3D_parietal/frontal_235.nii,7,12,7,"[35, 78, 57, 1]","[0.5, -0.082, 0.159]"
frontal,236,127,/data/users4/sdeshpande8/3D_Mask_Brain_CNN/3D_Mask_Data/masks_3D_parietal/frontal_236.nii,6,6,7,"[37, 71, 58, 1]","[0.46, -0.177, 0.176]"
frontal,237,5,/data/users4/sdeshpande8/3D_Mask_Brain_CNN/3D_Mask_Data/masks_3D_parietal/frontal_237.nii,5,1,2,"[21, 74, 55, 1]","[0.78, -0.136, 0.124]"
frontal,239,198,/data/users4/sdeshpande8/3D_Mask_Brain_CNN/3D_Mask_Data/masks_3D_parietal/frontal_239.nii,9,9,6,"[34, 76, 58, 1]","[0.52, -0.109, 0.176]"
frontal,240,2,/data/users4/sdeshpande8/3D_Mask_Brain_CNN/3D_Mask_Data/masks_3D_parietal/frontal_240.nii,1,0,0,"[32, 72, 61, 1]","[0.56, -0.164, 0.229]"
frontal,241,296,/data/users4/sdeshpande8/3D_Mask_Brain_CNN/3D_Mask_Data/masks_3D_parietal/frontal_241.nii,11,9,8,"[27, 77, 55, 1]","[0.66, -0.095, 0.124]"
frontal,242,202,/data/users4/sdeshpande8/3D_Mask_Brain_CNN/3D_Mask_Data/masks_3D_parietal/frontal_242.nii,11,9,6,"[23, 83, 53, 1]","[0.74, -0.014, 0.088]"
frontal,243,108,/data/users4/sdeshpande8/3D_Mask_Brain_CNN/3D_Mask_Data/masks_3D_parietal/frontal_243.nii,9,4,5,"[28, 73, 59, 1]","[0.64, -0.15, 0.194]"
frontal,244,185,/data/users4/sdeshpande8/3D_Mask_Brain_CNN/3D_Mask_Data/masks_3D_parietal/frontal_244.nii,8,7,8,"[21, 77, 57, 1]","[0.78, -0.095, 0.159]"
frontal,246,1,/data/users4/sdeshpande8/3D_Mask_Brain_CNN/3D_Mask_Data/masks_3D_parietal/frontal_246.nii,0,0,0,"[19, 81, 55, 1]","[0.82, -0.041, 0.124]"
frontal,250,249,/data/users4/sdeshpande8/3D_Mask_Brain_CNN/3D_Mask_Data/masks_3D_parietal/frontal_250.nii,8,11,6,"[55, 74, 75, 1]","[0.1, -0.136, 0.476]"
frontal,254,528,/data/users4/sdeshpande8/3D_Mask_Brain_CNN/3D_Mask_Data/masks_3D_parietal/frontal_254.nii,7,20,10,"[57, 77, 82, 1]","[0.06, -0.095, 0.6]"
frontal,260,36,/data/users4/sdeshpande8/3D_Mask_Brain_CNN/3D_Mask_Data/masks_3D_parietal/frontal_260.nii,3,11,13,"[59, 72, 85, 1]","[0.02, -0.164, 0.653]"
frontal,261,28,/data/users4/sdeshpande8/3D_Mask_Brain_CNN/3D_Mask_Data/masks_3D_parietal/frontal_261.nii,6,4,7,"[44, 79, 92, 1]","[0.32, -0.068, 0.776]"
frontal,266,332,/data/users4/sdeshpande8/3D_Mask_Brain_CNN/3D_Mask_Data/masks_3D_parietal/frontal_266.nii,11,10,11,"[49, 80, 94, 1]","[0.22, -0.055, 0.812]"
frontal,268,64,/data/users4/sdeshpande8/3D_Mask_Brain_CNN/3D_Mask_Data/masks_3D_parietal/frontal_268.nii,6,4,8,"[57, 77, 95, 1]","[0.06, -0.095, 0.829]"
frontal,269,51,/data/users4/sdeshpande8/3D_Mask_Brain_CNN/3D_Mask_Data/masks_3D_parietal/frontal_269.nii,8,4,8,"[50, 77, 95, 1]","[0.2, -0.095, 0.829]"
frontal,290,65,/data/users4/sdeshpande8/3D_Mask_Brain_CNN/3D_Mask_Data/masks_3D_parietal/frontal_290.nii,5,6,11,"[38, 85, 84, 1]","[0.44, 0.014, 0.635]"
frontal,291,348,/data/users4/sdeshpande8/3D_Mask_Brain_CNN/3D_Mask_Data/masks_3D_parietal/frontal_291.nii,8,9,13,"[42, 83, 85, 1]","[0.36, -0.014, 0.653]"
frontal,292,301,/data/users4/sdeshpande8/3D_Mask_Brain_CNN/3D_Mask_Data/masks_3D_parietal/frontal_292.nii,7,9,10,"[45, 83, 90, 1]","[0.3, -0.014, 0.741]"
frontal,293,122,/data/users4/sdeshpande8/3D_Mask_Brain_CNN/3D_Mask_Data/masks_3D_parietal/frontal_293.nii,10,5,11,"[31, 92, 65, 1]","[0.58, 0.109, 0.3]"
frontal,298,67,/data/users4/sdeshpande8/3D_Mask_Brain_CNN/3D_Mask_Data/masks_3D_parietal/frontal_298.nii,7,3,5,"[21, 73, 59, 1]","[0.78, -0.15, 0.194]"
frontal,301,25,/data/users4/sdeshpande8/3D_Mask_Brain_CNN/3D_Mask_Data/masks_3D_parietal/frontal_301.nii,3,2,5,"[31, 88, 75, 1]","[0.58, 0.055, 0.476]"
frontal,302,265,/data/users4/sdeshpande8/3D_Mask_Brain_CNN/3D_Mask_Data/masks_3D_parietal/frontal_302.nii,7,13,9,"[35, 88, 39, 1]","[0.5, 0.055, -0.159]"
frontal,303,550,/data/users4/sdeshpande8/3D_Mask_Brain_CNN/3D_Mask_Data/masks_3D_parietal/frontal_303.nii,8,16,9,"[34, 90, 46, 1]","[0.52, 0.082, -0.035]"
frontal,304,332,/data/users4/sdeshpande8/3D_Mask_Brain_CNN/3D_Mask_Data/masks_3D_parietal/frontal_304.nii,6,11,12,"[34, 77, 46, 1]","[0.52, -0.095, -0.035]"
frontal,305,383,/data/users4/sdeshpande8/3D_Mask_Brain_CNN/3D_Mask_Data/masks_3D_parietal/frontal_305.nii,7,18,10,"[35, 84, 51, 1]","[0.5, 0.0, 0.053]"
frontal,306,740,/data/users4/sdeshpande8/3D_Mask_Brain_CNN/3D_Mask_Data/masks_3D_parietal/frontal_306.nii,13,13,10,"[34, 99, 51, 1]","[0.52, 0.205, 0.053]"
frontal,307,265,/data/users4/sdeshpande8/3D_Mask_Brain_CNN/3D_Mask_Data/masks_3D_parietal/frontal_307.nii,9,12,9,"[36, 88, 55, 1]","[0.48, 0.055, 0.124]"
frontal,308,547,/data/users4/sdeshpande8/3D_Mask_Brain_CNN/3D_Mask_Data/masks_3D_parietal/frontal_308.nii,13,17,13,"[28, 88, 51, 1]","[0.64, 0.055, 0.053]"
frontal,309,423,/data/users4/sdeshpande8/3D_Mask_Brain_CNN/3D_Mask_Data/masks_3D_parietal/frontal_309.nii,9,8,21,"[26, 93, 57, 1]","[0.68, 0.123, 0.159]"
frontal,310,1328,/data/users4/sdeshpande8/3D_Mask_Brain_CNN/3D_Mask_Data/masks_3D_parietal/frontal_310.nii,15,16,21,"[39, 115, 68, 1]","[0.42, 0.423, 0.353]"
frontal,311,972,/data/users4/sdeshpande8/3D_Mask_Brain_CNN/3D_Mask_Data/masks_3D_parietal/frontal_311.nii,9,16,19,"[56, 96, 73, 1]","[0.08, 0.164, 0.441]"
frontal,312,786,/data/users4/sdeshpande8/3D_Mask_Brain_CNN/3D_Mask_Data/masks_3D_parietal/frontal_312.nii,9,16,13,"[56, 85, 77, 1]","[0.08, 0.014, 0.512]"
frontal,313,31,/data/users4/sdeshpande8/3D_Mask_Brain_CNN/3D_Mask_Data/masks_3D_parietal/frontal_313.nii,4,3,5,"[53, 68, 75, 1]","[0.14, -0.218, 0.476]"
frontal,314,324,/data/users4/sdeshpande8/3D_Mask_Brain_CNN/3D_Mask_Data/masks_3D_parietal/frontal_314.nii,5,11,12,"[56, 92, 86, 1]","[0.08, 0.109, 0.671]"
frontal,316,2,/data/users4/sdeshpande8/3D_Mask_Brain_CNN/3D_Mask_Data/masks_3D_parietal/frontal_316.nii,0,0,1,"[57, 66, 79, 1]","[0.06, -0.245, 0.547]"
frontal,317,519,/data/users4/sdeshpande8/3D_Mask_Brain_CNN/3D_Mask_Data/masks_3D_parietal/frontal_317.nii,9,14,11,"[56, 83, 92, 1]","[0.08, -0.014, 0.776]"
frontal,318,291,/data/users4/sdeshpande8/3D_Mask_Brain_CNN/3D_Mask_Data/masks_3D_parietal/frontal_318.nii,9,10,9,"[50, 89, 93, 1]","[0.2, 0.068, 0.794]"
frontal,319,495,/data/users4/sdeshpande8/3D_Mask_Brain_CNN/3D_Mask_Data/masks_3D_parietal/frontal_319.nii,9,20,8,"[52, 99, 34, 1]","[0.16, 0.205, -0.247]"
frontal,320,616,/data/users4/sdeshpande8/3D_Mask_Brain_CNN/3D_Mask_Data/masks_3D_parietal/frontal_320.nii,12,18,10,"[45, 99, 35, 1]","[0.3, 0.205, -0.229]"
frontal,321,740,/data/users4/sdeshpande8/3D_Mask_Brain_CNN/3D_Mask_Data/masks_3D_parietal/frontal_321.nii,11,20,8,"[55, 115, 33, 1]","[0.1, 0.423, -0.265]"
frontal,322,402,/data/users4/sdeshpande8/3D_Mask_Brain_CNN/3D_Mask_Data/masks_3D_parietal/frontal_322.nii,11,16,8,"[47, 114, 36, 1]","[0.26, 0.409, -0.212]"
frontal,323,400,/data/users4/sdeshpande8/3D_Mask_Brain_CNN/3D_Mask_Data/masks_3D_parietal/frontal_323.nii,7,17,9,"[57, 104, 34, 1]","[0.06, 0.273, -0.247]"
frontal,324,597,/data/users4/sdeshpande8/3D_Mask_Brain_CNN/3D_Mask_Data/masks_3D_parietal/frontal_324.nii,13,9,11,"[54, 126, 39, 1]","[0.12, 0.573, -0.159]"
frontal,340,418,/data/users4/sdeshpande8/3D_Mask_Brain_CNN/3D_Mask_Data/masks_3D_parietal/frontal_340.nii,11,12,11,"[37, 98, 43, 1]","[0.46, 0.191, -0.088]"
frontal,341,758,/data/users4/sdeshpande8/3D_Mask_Brain_CNN/3D_Mask_Data/masks_3D_parietal/frontal_341.nii,14,18,9,"[42, 120, 40, 1]","[0.36, 0.491, -0.141]"
frontal,342,910,/data/users4/sdeshpande8/3D_Mask_Brain_CNN/3D_Mask_Data/masks_3D_parietal/frontal_342.nii,13,17,17,"[32, 118, 44, 1]","[0.56, 0.464, -0.071]"
frontal,343,1683,/data/users4/sdeshpande8/3D_Mask_Brain_CNN/3D_Mask_Data/masks_3D_parietal/frontal_343.nii,19,16,20,"[43, 123, 51, 1]","[0.34, 0.532, 0.053]"
frontal,344,571,/data/users4/sdeshpande8/3D_Mask_Brain_CNN/3D_Mask_Data/masks_3D_parietal/frontal_344.nii,11,11,13,"[29, 111, 52, 1]","[0.62, 0.368, 0.071]"
frontal,345,1098,/data/users4/sdeshpande8/3D_Mask_Brain_CNN/3D_Mask_Data/masks_3D_parietal/frontal_345.nii,12,17,19,"[32, 116, 59, 1]","[0.56, 0.436, 0.194]"
frontal,346,517,/data/users4/sdeshpande8/3D_Mask_Brain_CNN/3D_Mask_Data/masks_3D_parietal/frontal_346.nii,11,13,11,"[29, 104, 61, 1]","[0.62, 0.273, 0.229]"
frontal,347,491,/data/users4/sdeshpande8/3D_Mask_Brain_CNN/3D_Mask_Data/masks_3D_parietal/frontal_347.nii,15,7,12,"[29, 97, 63, 1]","[0.62, 0.177, 0.265]"
frontal,348,696,/data/users4/sdeshpande8/3D_Mask_Brain_CNN/3D_Mask_Data/masks_3D_parietal/frontal_348.nii,10,12,19,"[43, 120, 67, 1]","[0.34, 0.491, 0.335]"
frontal,349,611,/data/users4/sdeshpande8/3D_Mask_Brain_CNN/3D_Mask_Data/masks_3D_parietal/frontal_349.nii,13,15,14,"[30, 103, 67, 1]","[0.6, 0.259, 0.335]"
frontal,350,508,/data/users4/sdeshpande8/3D_Mask_Brain_CNN/3D_Mask_Data/masks_3D_parietal/frontal_350.nii,13,11,13,"[32, 93, 71, 1]","[0.56, 0.123, 0.406]"
frontal,351,771,/data/users4/sdeshpande8/3D_Mask_Brain_CNN/3D_Mask_Data/masks_3D_parietal/frontal_351.nii,15,14,13,"[35, 106, 74, 1]","[0.5, 0.3, 0.459]"
frontal,352,949,/data/users4/sdeshpande8/3D_Mask_Brain_CNN/3D_Mask_Data/masks_3D_parietal/frontal_352.nii,12,15,14,"[31, 98, 77, 1]","[0.58, 0.191, 0.512]"
frontal,353,398,/data/users4/sdeshpande8/3D_Mask_Brain_CNN/3D_Mask_Data/masks_3D_parietal/frontal_353.nii,10,8,14,"[32, 89, 81, 1]","[0.56, 0.068, 0.582]"
frontal,354,980,/data/users4/sdeshpande8/3D_Mask_Brain_CNN/3D_Mask_Data/masks_3D_parietal/frontal_354.nii,14,22,13,"[36, 95, 85, 1]","[0.48, 0.15, 0.653]"
frontal,355,786,/data/users4/sdeshpande8/3D_Mask_Brain_CNN/3D_Mask_Data/masks_3D_parietal/frontal_355.nii,13,13,17,"[44, 92, 85, 1]","[0.32, 0.109, 0.653]"
frontal,358,112,/data/users4/sdeshpande8/3D_Mask_Brain_CNN/3D_Mask_Data/masks_3D_parietal/frontal_358.nii,5,11,3,"[58, 71, 68, 1]","[0.04, -0.177, 0.353]"
frontal,359,163,/data/users4/sdeshpande8/3D_Mask_Brain_CNN/3D_Mask_Data/masks_3D_parietal/frontal_359.nii,3,15,7,"[59, 85, 68, 1]","[0.02, 0.014, 0.353]"
frontal,360,850,/data/users4/sdeshpande8/3D_Mask_Brain_CNN/3D_Mask_Data/masks_3D_parietal/frontal_360.nii,9,11,17,"[56, 107, 66, 1]","[0.08, 0.314, 0.318]"
frontal,361,499,/data/users4/sdeshpande8/3D_Mask_Brain_CNN/3D_Mask_Data/masks_3D_parietal/frontal_361.nii,6,13,15,"[57, 103, 81, 1]","[0.06, 0.259, 0.582]"
frontal,375,606,/data/users4/sdeshpande8/3D_Mask_Brain_CNN/3D_Mask_Data/masks_3D_parietal/frontal_375.nii,15,16,14,"[38, 101, 37, 1]","[0.44, 0.232, -0.194]"
frontal,376,463,/data/users4/sdeshpande8/3D_Mask_Brain_CNN/3D_Mask_Data/masks_3D_parietal/frontal_376.nii,13,13,7,"[38, 110, 39, 1]","[0.44, 0.355, -0.159]"
frontal,377,815,/data/users4/sdeshpande8/3D_Mask_Brain_CNN/3D_Mask_Data/masks_3D_parietal/frontal_377.nii,13,16,14,"[30, 105, 42, 1]","[0.6, 0.286, -0.106]"
frontal,378,859,/data/users4/sdeshpande8/3D_Mask_Brain_CNN/3D_Mask_Data/masks_3D_parietal/frontal_378.nii,12,14,18,"[27, 101, 54, 1]","[0.66, 0.232, 0.106]"
frontal,379,1142,/data/users4/sdeshpande8/3D_Mask_Brain_CNN/3D_Mask_Data/masks_3D_parietal/frontal_379.nii,7,25,14,"[57, 111, 41, 1]","[0.06, 0.368, -0.124]"
frontal,380,564,/data/users4/sdeshpande8/3D_Mask_Brain_CNN/3D_Mask_Data/masks_3D_parietal/frontal_380.nii,12,10,14,"[53, 127, 49, 1]","[0.14, 0.586, 0.018]"
frontal,381,898,/data/users4/sdeshpande8/3D_Mask_Brain_CNN/3D_Mask_Data/masks_3D_parietal/frontal_381.nii,9,16,17,"[56, 112, 53, 1]","[0.08, 0.382, 0.088]"
frontal,382,1058,/data/users4/sdeshpande8/3D_Mask_Brain_CNN/3D_Mask_Data/masks_3D_parietal/frontal_382.nii,9,19,20,"[56, 121, 58, 1]","[0.08, 0.505, 0.176]"
frontal,383,651,/data/users4/sdeshpande8/3D_Mask_Brain_CNN/3D_Mask_Data/masks_3D_parietal/frontal_383.nii,15,9,16,"[49, 127, 60, 1]","[0.22, 0.586, 0.212]"
frontal,384,192,/data/users4/sdeshpande8/3D_Mask_Brain_CNN/3D_Mask_Data/masks_3D_parietal/frontal_384.nii,5,14,14,"[58, 100, 59, 1]","[0.04, 0.218, 0.194]"
frontal,385,532,/data/users4/sdeshpande8/3D_Mask_Brain_CNN/3D_Mask_Data/masks_3D_parietal/frontal_385.nii,8,11,17,"[56, 122, 70, 1]","[0.08, 0.518, 0.388]"
frontal,386,668,/data/users4/sdeshpande8/3D_Mask_Brain_CNN/3D_Mask_Data/masks_3D_parietal/frontal_386.nii,11,15,17,"[49, 119, 72, 1]","[0.22, 0.477, 0.424]"
frontal,387,469,/data/users4/sdeshpande8/3D_Mask_Brain_CNN/3D_Mask_Data/masks_3D_parietal/frontal_387.nii,5,12,17,"[58, 114, 76, 1]","[0.04, 0.409, 0.494]"
frontal,388,737,/data/users4/sdeshpande8/3D_Mask_Brain_CNN/3D_Mask_Data/masks_3D_parietal/frontal_388.nii,13,15,15,"[44, 108, 77, 1]","[0.32, 0.327, 0.512]"
frontal,389,773,/data/users4/sdeshpande8/3D_Mask_Brain_CNN/3D_Mask_Data/masks_3D_parietal/frontal_389.nii,15,18,13,"[51, 111, 84, 1]","[0.18, 0.368, 0.635]"
frontal,390,800,/data/users4/sdeshpande8/3D_Mask_Brain_CNN/3D_Mask_Data/masks_3D_parietal/frontal_390.nii,7,16,16,"[45, 101, 82, 1]","[0.3, 0.232, 0.6]"
frontal,391,712,/data/users4/sdeshpande8/3D_Mask_Brain_CNN/3D_Mask_Data/masks_3D_parietal/frontal_391.nii,13,14,10,"[52, 97, 90, 1]","[0.16, 0.177, 0.741]"
frontal,397,2,/data/users4/sdeshpande8/3D_Mask_Brain_CNN/3D_Mask_Data/masks_3D_parietal/frontal_397.nii,1,0,0,"[60, 66, 71, 1]","[0.0, -0.245, 0.406]"
frontal,398,473,/data/users4/sdeshpande8/3D_Mask_Brain_CNN/3D_Mask_Data/masks_3D_parietal/frontal_398.nii,5,15,12,"[58, 74, 72, 1]","[0.04, -0.136, 0.424]"
cereb,1,1963,/data/users4/sdeshpande8/3D_Mask_Brain_CNN/3D_Mask_Data/masks_3D_parietal/cereb_1.nii,28,30,41,"[47, 46, 27, 1]","[0.26, -0.518, -0.371]"
cereb,2,2140,/data/users4/sdeshpande8/3D_Mask_Brain_CNN/3D_Mask_Data/masks_3D_parietal/cereb_2.nii,26,26,35,"[45, 48, 26, 1]","[0.3, -0.491, -0.388]"
cereb,4,1059,/data/users4/sdeshpande8/3D_Mask_Brain_CNN/3D_Mask_Data/masks_3D_parietal/cereb_4.nii,25,29,35,"[48, 49, 22, 1]","[0.24, -0.477, -0.459]"
cereb,5,297,/data/users4/sdeshpande8/3D_Mask_Brain_CNN/3D_Mask_Data/masks_3D_parietal/cereb_5.nii,21,31,27,"[47, 46, 20, 1]","[0.26, -0.518, -0.494]"
cereb,6,798,/data/users4/sdeshpande8/3D_Mask_Brain_CNN/3D_Mask_Data/masks_3D_parietal/cereb_6.nii,23,27,33,"[48, 49, 23, 1]","[0.24, -0.477, -0.441]"
cereb,7,294,/data/users4/sdeshpande8/3D_Mask_Brain_CNN/3D_Mask_Data/masks_3D_parietal/cereb_7.nii,22,26,18,"[47, 47, 14, 1]","[0.26, -0.505, -0.6]"
cereb,8,182,/data/users4/sdeshpande8/3D_Mask_Brain_CNN/3D_Mask_Data/masks_3D_parietal/cereb_8.nii,18,15,16,"[45, 54, 15, 1]","[0.3, -0.409, -0.582]"
cereb,9,1237,/data/users4/sdeshpande8/3D_Mask_Brain_CNN/3D_Mask_Data/masks_3D_parietal/cereb_9.nii,31,35,27,"[45, 44, 24, 1]","[0.3, -0.545, -0.424]"
cereb,10,2901,/data/users4/sdeshpande8/3D_Mask_Brain_CNN/3D_Mask_Data/masks_3D_parietal/cereb_10.nii,37,39,39,"[42, 43, 24, 1]","[0.36, -0.559, -0.424]"
cereb,11,3254,/data/users4/sdeshpande8/3D_Mask_Brain_CNN/3D_Mask_Data/masks_3D_parietal/cereb_11.nii,36,29,39,"[42, 46, 26, 1]","[0.36, -0.518, -0.388]"
cereb,12,2571,/data/users4/sdeshpande8/3D_Mask_Brain_CNN/3D_Mask_Data/masks_3D_parietal/cereb_12.nii,35,37,30,"[44, 42, 20, 1]","[0.32, -0.573, -0.494]"
cereb,13,3307,/data/users4/sdeshpande8/3D_Mask_Brain_CNN/3D_Mask_Data/masks_3D_parietal/cereb_13.nii,36,33,29,"[42, 38, 19, 1]","[0.36, -0.627, -0.512]"
cereb,14,121,/data/users4/sdeshpande8/3D_Mask_Brain_CNN/3D_Mask_Data/masks_3D_parietal/cereb_14.nii,34,30,23,"[43, 37, 17, 1]","[0.34, -0.641, -0.547]"
cereb,15,1226,/data/users4/sdeshpande8/3D_Mask_Brain_CNN/3D_Mask_Data/masks_3D_parietal/cereb_15.nii,37,33,29,"[42, 39, 18, 1]","[0.36, -0.614, -0.529]"
cereb,16,416,/data/users4/sdeshpande8/3D_Mask_Brain_CNN/3D_Mask_Data/masks_3D_parietal/cereb_16.nii,16,27,24,"[69, 44, 27, 1]","[-0.18, -0.545, -0.371]"
cereb,17,1801,/data/users4/sdeshpande8/3D_Mask_Brain_CNN/3D_Mask_Data/masks_3D_parietal/cereb_17.nii,26,30,41,"[74, 46, 27, 1]","[-0.28, -0.518, -0.371]"
cereb,18,2142,/data/users4/sdeshpande8/3D_Mask_Brain_CNN/3D_Mask_Data/masks_3D_parietal/cereb_18.nii,26,26,35,"[75, 48, 26, 1]","[-0.3, -0.491, -0.388]"
cereb,19,1042,/data/users4/sdeshpande8/3D_Mask_Brain_CNN/3D_Mask_Data/masks_3D_parietal/cereb_19.nii,20,29,35,"[71, 49, 22, 1]","[-0.22, -0.477, -0.459]"
cereb,20,298,/data/users4/sdeshpande8/3D_Mask_Brain_CNN/3D_Mask_Data/masks_3D_parietal/cereb_20.nii,21,31,27,"[75, 46, 20, 1]","[-0.3, -0.518, -0.494]"
cereb,22,823,/data/users4/sdeshpande8/3D_Mask_Brain_CNN/3D_Mask_Data/masks_3D_parietal/cereb_22.nii,23,26,32,"[74, 48, 23, 1]","[-0.28, -0.491, -0.441]"
cereb,23,297,/data/users4/sdeshpande8/3D_Mask_Brain_CNN/3D_Mask_Data/masks_3D_parietal/cereb_23.nii,22,26,17,"[73, 47, 14, 1]","[-0.26, -0.505, -0.6]"
cereb,24,1401,/data/users4/sdeshpande8/3D_Mask_Brain_CNN/3D_Mask_Data/masks_3D_parietal/cereb_24.nii,30,35,30,"[76, 44, 22, 1]","[-0.32, -0.545, -0.459]"
cereb,25,2855,/data/users4/sdeshpande8/3D_Mask_Brain_CNN/3D_Mask_Data/masks_3D_parietal/cereb_25.nii,36,39,39,"[79, 44, 24, 1]","[-0.38, -0.545, -0.424]"
cereb,27,3146,/data/users4/sdeshpande8/3D_Mask_Brain_CNN/3D_Mask_Data/masks_3D_parietal/cereb_27.nii,36,30,37,"[79, 45, 25, 1]","[-0.38, -0.532, -0.406]"
cereb,28,538,/data/users4/sdeshpande8/3D_Mask_Brain_CNN/3D_Mask_Data/masks_3D_parietal/cereb_28.nii,31,32,25,"[80, 43, 23, 1]","[-0.4, -0.559, -0.441]"
cereb,29,2034,/data/users4/sdeshpande8/3D_Mask_Brain_CNN/3D_Mask_Data/masks_3D_parietal/cereb_29.nii,34,38,30,"[78, 41, 20, 1]","[-0.36, -0.586, -0.494]"
cereb,30,3439,/data/users4/sdeshpande8/3D_Mask_Brain_CNN/3D_Mask_Data/masks_3D_parietal/cereb_30.nii,36,33,29,"[79, 38, 19, 1]","[-0.38, -0.627, -0.512]"
cereb,31,1260,/data/users4/sdeshpande8/3D_Mask_Brain_CNN/3D_Mask_Data/masks_3D_parietal/cereb_31.nii,36,33,29,"[79, 39, 18, 1]","[-0.38, -0.614, -0.529]"
RN,1,165,/data/users4/sdeshpande8/3D_Mask_Brain_CNN/3D_Mask_Data/masks_3D_parietal/RN_1.nii,13,5,5,"[61, 73, 41, 1]","[-0.02, -0.15, -0.124]"
thalamus,262,75,/data/users4/sdeshpande8/3D_Mask_Brain_CNN/3D_Mask_Data/masks_3D_parietal/thalamus_262.nii,4,4,4,"[58, 79, 53, 1]","[0.04, -0.068, 0.088]"
thalamus,263,78,/data/users4/sdeshpande8/3D_Mask_Brain_CNN/3D_Mask_Data/masks_3D_parietal/thalamus_263.nii,3,4,4,"[63, 77, 53, 1]","[-0.06, -0.095, 0.088]"
thalamus,264,79,/data/users4/sdeshpande8/3D_Mask_Brain_CNN/3D_Mask_Data/masks_3D_parietal/thalamus_264.nii,4,4,4,"[48, 65, 48, 1]","[0.24, -0.259, 0.0]"
thalamus,265,80,/data/users4/sdeshpande8/3D_Mask_Brain_CNN/3D_Mask_Data/masks_3D_parietal/thalamus_265.nii,4,4,5,"[73, 64, 49, 1]","[-0.26, -0.273, 0.018]"
thalamus,266,78,/data/users4/sdeshpande8/3D_Mask_Brain_CNN/3D_Mask_Data/masks_3D_parietal/thalamus_266.nii,4,4,4,"[52, 75, 55, 1]","[0.16, -0.123, 0.124]"
thalamus,267,71,/data/users4/sdeshpande8/3D_Mask_Brain_CNN/3D_Mask_Data/masks_3D_parietal/thalamus_267.nii,4,4,4,"[71, 74, 56, 1]","[-0.22, -0.136, 0.141]"
thalamus,268,80,/data/users4/sdeshpande8/3D_Mask_Brain_CNN/3D_Mask_Data/masks_3D_parietal/thalamus_268.nii,4,4,5,"[54, 79, 49, 1]","[0.12, -0.068, 0.018]"
thalamus,269,75,/data/users4/sdeshpande8/3D_Mask_Brain_CNN/3D_Mask_Data/masks_3D_parietal/thalamus_269.nii,4,4,4,"[67, 77, 48, 1]","[-0.14, -0.095, 0.0]"
thalamus,270,79,/data/users4/sdeshpande8/3D_Mask_Brain_CNN/3D_Mask_Data/masks_3D_parietal/thalamus_270.nii,5,4,4,"[52, 71, 48, 1]","[0.16, -0.177, 0.0]"
thalamus,271,83,/data/users4/sdeshpande8/3D_Mask_Brain_CNN/3D_Mask_Data/masks_3D_parietal/thalamus_271.nii,5,4,4,"[70, 71, 48, 1]","[-0.2, -0.177, 0.0]"
thalamus,272,78,/data/users4/sdeshpande8/3D_Mask_Brain_CNN/3D_Mask_Data/masks_3D_parietal/thalamus_272.nii,4,4,4,"[50, 69, 53, 1]","[0.2, -0.205, 0.088]"
thalamus,273,78,/data/users4/sdeshpande8/3D_Mask_Brain_CNN/3D_Mask_Data/masks_3D_parietal/thalamus_273.nii,4,4,4,"[73, 69, 54, 1]","[-0.26, -0.205, 0.106]"
parietal,30,4,/data/users4/sdeshpande8/3D_Mask_Brain_CNN/3D_Mask_Data/masks_3D_parietal/parietal_30.nii,3,0,0,"[71, 29, 78, 1]","[-0.22, -0.75, 0.529]"
parietal,31,324,/data/users4/sdeshpande8/3D_Mask_Brain_CNN/3D_Mask_Data/masks_3D_parietal/parietal_31.nii,9,10,10,"[74, 32, 79, 1]","[-0.28, -0.709, 0.547]"
parietal,33,17,/data/users4/sdeshpande8/3D_Mask_Brain_CNN/3D_Mask_Data/masks_3D_parietal/parietal_33.nii,8,4,1,"[100, 68, 58, 1]","[-0.8, -0.218, 0.176]"
parietal,35,3,/data/users4/sdeshpande8/3D_Mask_Brain_CNN/3D_Mask_Data/masks_3D_parietal/parietal_35.nii,1,1,0,"[92, 80, 58, 1]","[-0.64, -0.055, 0.176]"
parietal,37,6,/data/users4/sdeshpande8/3D_Mask_Brain_CNN/3D_Mask_Data/masks_3D_parietal/parietal_37.nii,1,1,1,"[104, 64, 60, 1]","[-0.88, -0.273, 0.212]"
parietal,38,6,/data/users4/sdeshpande8/3D_Mask_Brain_CNN/3D_Mask_Data/masks_3D_parietal/parietal_38.nii,1,2,0,"[88, 60, 63, 1]","[-0.56, -0.327, 0.265]"
parietal,39,118,/data/users4/sdeshpande8/3D_Mask_Brain_CNN/3D_Mask_Data/masks_3D_parietal/parietal_39.nii,9,6,5,"[96, 75, 60, 1]","[-0.72, -0.123, 0.212]"
parietal,40,85,/data/users4/sdeshpande8/3D_Mask_Brain_CNN/3D_Mask_Data/masks_3D_parietal/parietal_40.nii,9,11,4,"[100, 81, 59, 1]","[-0.8, -0.041, 0.194]"
parietal,41,175,/data/users4/sdeshpande8/3D_Mask_Brain_CNN/3D_Mask_Data/masks_3D_parietal/parietal_41.nii,6,9,7,"[94, 70, 61, 1]","[-0.68, -0.191, 0.229]"
parietal,42,438,/data/users4/sdeshpande8/3D_Mask_Brain_CNN/3D_Mask_Data/masks_3D_parietal/parietal_42.nii,9,11,11,"[100, 71, 63, 1]","[-0.8, -0.177, 0.265]"
parietal,43,346,/data/users4/sdeshpande8/3D_Mask_Brain_CNN/3D_Mask_Data/masks_3D_parietal/parietal_43.nii,9,9,15,"[100, 81, 65, 1]","[-0.8, -0.041, 0.3]"
parietal,44,337,/data/users4/sdeshpande8/3D_Mask_Brain_CNN/3D_Mask_Data/masks_3D_parietal/parietal_44.nii,7,9,18,"[101, 78, 68, 1]","[-0.82, -0.082, 0.353]"
parietal,45,310,/data/users4/sdeshpande8/3D_Mask_Brain_CNN/3D_Mask_Data/masks_3D_parietal/parietal_45.nii,12,7,13,"[94, 77, 69, 1]","[-0.68, -0.095, 0.371]"
parietal,46,398,/data/users4/sdeshpande8/3D_Mask_Brain_CNN/3D_Mask_Data/masks_3D_parietal/parietal_46.nii,9,9,11,"[96, 72, 75, 1]","[-0.72, -0.164, 0.476]"
parietal,47,423,/data/users4/sdeshpande8/3D_Mask_Brain_CNN/3D_Mask_Data/masks_3D_parietal/parietal_47.nii,15,11,14,"[93, 77, 77, 1]","[-0.66, -0.095, 0.512]"
parietal,48,387,/data/users4/sdeshpande8/3D_Mask_Brain_CNN/3D_Mask_Data/masks_3D_parietal/parietal_48.nii,13,9,12,"[92, 74, 74, 1]","[-0.64, -0.136, 0.459]"
parietal,50,286,/data/users4/sdeshpande8/3D_Mask_Brain_CNN/3D_Mask_Data/masks_3D_parietal/parietal_50.nii,12,10,12,"[88, 73, 79, 1]","[-0.56, -0.15, 0.547]"
parietal,51,340,/data/users4/sdeshpande8/3D_Mask_Brain_CNN/3D_Mask_Data/masks_3D_parietal/parietal_51.nii,13,9,13,"[92, 72, 84, 1]","[-0.64, -0.164, 0.635]"
parietal,52,724,/data/users4/sdeshpande8/3D_Mask_Brain_CNN/3D_Mask_Data/masks_3D_parietal/parietal_52.nii,14,14,15,"[91, 64, 87, 1]","[-0.62, -0.273, 0.688]"
parietal,53,254,/data/users4/sdeshpande8/3D_Mask_Brain_CNN/3D_Mask_Data/masks_3D_parietal/parietal_53.nii,8,7,11,"[86, 67, 83, 1]","[-0.52, -0.232, 0.618]"
parietal,57,18,/data/users4/sdeshpande8/3D_Mask_Brain_CNN/3D_Mask_Data/masks_3D_parietal/parietal_57.nii,6,4,4,"[85, 68, 84, 1]","[-0.5, -0.218, 0.635]"
parietal,58,713,/data/users4/sdeshpande8/3D_Mask_Brain_CNN/3D_Mask_Data/masks_3D_parietal/parietal_58.nii,15,10,15,"[81, 53, 89, 1]","[-0.42, -0.423, 0.724]"
parietal,59,305,/data/users4/sdeshpande8/3D_Mask_Brain_CNN/3D_Mask_Data/masks_3D_parietal/parietal_59.nii,13,6,18,"[82, 64, 89, 1]","[-0.44, -0.273, 0.724]"
parietal,60,655,/data/users4/sdeshpande8/3D_Mask_Brain_CNN/3D_Mask_Data/masks_3D_parietal/parietal_60.nii,13,9,18,"[80, 60, 90, 1]","[-0.4, -0.327, 0.741]"
parietal,62,5,/data/users4/sdeshpande8/3D_Mask_Brain_CNN/3D_Mask_Data/masks_3D_parietal/parietal_62.nii,2,1,9,"[72, 65, 90, 1]","[-0.24, -0.259, 0.741]"
parietal,63,45,/data/users4/sdeshpande8/3D_Mask_Brain_CNN/3D_Mask_Data/masks_3D_parietal/parietal_63.nii,3,6,12,"[69, 56, 95, 1]","[-0.18, -0.382, 0.829]"
parietal,66,337,/data/users4/sdeshpande8/3D_Mask_Brain_CNN/3D_Mask_Data/masks_3D_parietal/parietal_66.nii,8,6,15,"[74, 63, 93, 1]","[-0.28, -0.286, 0.794]"
parietal,67,566,/data/users4/sdeshpande8/3D_Mask_Brain_CNN/3D_Mask_Data/masks_3D_parietal/parietal_67.nii,9,13,12,"[74, 58, 95, 1]","[-0.28, -0.355, 0.829]"
parietal,68,2,/data/users4/sdeshpande8/3D_Mask_Brain_CNN/3D_Mask_Data/masks_3D_parietal/parietal_68.nii,0,1,4,"[71, 66, 97, 1]","[-0.22, -0.245, 0.865]"
parietal,72,2,/data/users4/sdeshpande8/3D_Mask_Brain_CNN/3D_Mask_Data/masks_3D_parietal/parietal_72.nii,1,0,0,"[93, 36, 63, 1]","[-0.66, -0.655, 0.265]"
parietal,73,6,/data/users4/sdeshpande8/3D_Mask_Brain_CNN/3D_Mask_Data/masks_3D_parietal/parietal_73.nii,2,1,0,"[74, 38, 74, 1]","[-0.28, -0.627, 0.459]"
parietal,74,508,/data/users4/sdeshpande8/3D_Mask_Brain_CNN/3D_Mask_Data/masks_3D_parietal/parietal_74.nii,13,11,16,"[95, 63, 78, 1]","[-0.7, -0.286, 0.529]"
parietal,75,530,/data/users4/sdeshpande8/3D_Mask_Brain_CNN/3D_Mask_Data/masks_3D_parietal/parietal_75.nii,11,10,13,"[75, 40, 80, 1]","[-0.3, -0.6, 0.565]"
parietal,76,480,/data/users4/sdeshpande8/3D_Mask_Brain_CNN/3D_Mask_Data/masks_3D_parietal/parietal_76.nii,11,11,15,"[91, 65, 79, 1]","[-0.62, -0.259, 0.547]"
parietal,77,468,/data/users4/sdeshpande8/3D_Mask_Brain_CNN/3D_Mask_Data/masks_3D_parietal/parietal_77.nii,12,12,11,"[82, 53, 77, 1]","[-0.44, -0.423, 0.512]"
parietal,78,364,/data/users4/sdeshpande8/3D_Mask_Brain_CNN/3D_Mask_Data/masks_3D_parietal/parietal_78.nii,9,11,12,"[80, 45, 81, 1]","[-0.4, -0.532, 0.582]"
parietal,79,687,/data/users4/sdeshpande8/3D_Mask_Brain_CNN/3D_Mask_Data/masks_3D_parietal/parietal_79.nii,14,11,21,"[86, 59, 82, 1]","[-0.52, -0.341, 0.6]"
parietal,80,448,/data/users4/sdeshpande8/3D_Mask_Brain_CNN/3D_Mask_Data/masks_3D_parietal/parietal_80.nii,13,12,13,"[83, 50, 86, 1]","[-0.46, -0.464, 0.671]"
parietal,81,459,/data/users4/sdeshpande8/3D_Mask_Brain_CNN/3D_Mask_Data/masks_3D_parietal/parietal_81.nii,12,11,15,"[72, 37, 87, 1]","[-0.24, -0.641, 0.688]"
parietal,82,493,/data/users4/sdeshpande8/3D_Mask_Brain_CNN/3D_Mask_Data/masks_3D_parietal/parietal_82.nii,13,11,12,"[78, 43, 89, 1]","[-0.36, -0.559, 0.724]"
parietal,83,13,/data/users4/sdeshpande8/3D_Mask_Brain_CNN/3D_Mask_Data/masks_3D_parietal/parietal_83.nii,3,3,2,"[71, 43, 85, 1]","[-0.22, -0.559, 0.653]"
parietal,84,682,/data/users4/sdeshpande8/3D_Mask_Brain_CNN/3D_Mask_Data/masks_3D_parietal/parietal_84.nii,11,15,15,"[75, 47, 91, 1]","[-0.3, -0.505, 0.759]"
parietal,85,84,/data/users4/sdeshpande8/3D_Mask_Brain_CNN/3D_Mask_Data/masks_3D_parietal/parietal_85.nii,5,6,9,"[72, 51, 96, 1]","[-0.24, -0.45, 0.847]"
parietal,92,682,/data/users4/sdeshpande8/3D_Mask_Brain_CNN/3D_Mask_Data/masks_3D_parietal/parietal_92.nii,17,16,11,"[96, 62, 63, 1]","[-0.72, -0.3, 0.265]"
parietal,93,484,/data/users4/sdeshpande8/3D_Mask_Brain_CNN/3D_Mask_Data/masks_3D_parietal/parietal_93.nii,11,9,9,"[97, 55, 68, 1]","[-0.74, -0.395, 0.353]"
parietal,94,739,/data/users4/sdeshpande8/3D_Mask_Brain_CNN/3D_Mask_Data/masks_3D_parietal/parietal_94.nii,11,13,15,"[99, 70, 71, 1]","[-0.78, -0.191, 0.406]"
parietal,95,451,/data/users4/sdeshpande8/3D_Mask_Brain_CNN/3D_Mask_Data/masks_3D_parietal/parietal_95.nii,9,10,14,"[100, 60, 70, 1]","[-0.8, -0.327, 0.388]"
parietal,127,377,/data/users4/sdeshpande8/3D_Mask_Brain_CNN/3D_Mask_Data/masks_3D_parietal/parietal_127.nii,6,13,11,"[79, 34, 80, 1]","[-0.38, -0.682, 0.565]"
parietal,128,219,/data/users4/sdeshpande8/3D_Mask_Brain_CNN/3D_Mask_Data/masks_3D_parietal/parietal_128.nii,7,6,14,"[98, 57, 78, 1]","[-0.76, -0.368, 0.529]"
parietal,129,557,/data/users4/sdeshpande8/3D_Mask_Brain_CNN/3D_Mask_Data/masks_3D_parietal/parietal_129.nii,11,7,17,"[95, 51, 80, 1]","[-0.7, -0.45, 0.565]"
parietal,130,757,/data/users4/sdeshpande8/3D_Mask_Brain_CNN/3D_Mask_Data/masks_3D_parietal/parietal_130.nii,10,14,17,"[83, 42, 81, 1]","[-0.46, -0.573, 0.582]"
parietal,131,370,/data/users4/sdeshpande8/3D_Mask_Brain_CNN/3D_Mask_Data/masks_3D_parietal/parietal_131.nii,9,9,15,"[88, 49, 81, 1]","[-0.56, -0.477, 0.582]"
parietal,132,756,/data/users4/sdeshpande8/3D_Mask_Brain_CNN/3D_Mask_Data/masks_3D_parietal/parietal_132.nii,13,9,17,"[90, 56, 80, 1]","[-0.6, -0.382, 0.565]"
parietal,144,163,/data/users4/sdeshpande8/3D_Mask_Brain_CNN/3D_Mask_Data/masks_3D_parietal/parietal_144.nii,10,10,10,"[68, 33, 79, 1]","[-0.16, -0.695, 0.547]"
parietal,145,4,/data/users4/sdeshpande8/3D_Mask_Brain_CNN/3D_Mask_Data/masks_3D_parietal/parietal_145.nii,0,2,1,"[69, 43, 84, 1]","[-0.18, -0.559, 0.635]"
parietal,159,12,/data/users4/sdeshpande8/3D_Mask_Brain_CNN/3D_Mask_Data/masks_3D_parietal/parietal_159.nii,7,4,2,"[99, 49, 63, 1]","[-0.78, -0.477, 0.265]"
parietal,160,232,/data/users4/sdeshpande8/3D_Mask_Brain_CNN/3D_Mask_Data/masks_3D_parietal/parietal_160.nii,13,14,4,"[92, 44, 64, 1]","[-0.64, -0.545, 0.282]"
parietal,161,147,/data/users4/sdeshpande8/3D_Mask_Brain_CNN/3D_Mask_Data/masks_3D_parietal/parietal_161.nii,18,11,14,"[88, 33, 69, 1]","[-0.56, -0.695, 0.371]"
parietal,162,996,/data/users4/sdeshpande8/3D_Mask_Brain_CNN/3D_Mask_Data/masks_3D_parietal/parietal_162.nii,13,15,13,"[92, 43, 70, 1]","[-0.64, -0.559, 0.388]"
parietal,163,646,/data/users4/sdeshpande8/3D_Mask_Brain_CNN/3D_Mask_Data/masks_3D_parietal/parietal_163.nii,13,10,12,"[96, 48, 68, 1]","[-0.72, -0.491, 0.353]"
parietal,164,637,/data/users4/sdeshpande8/3D_Mask_Brain_CNN/3D_Mask_Data/masks_3D_parietal/parietal_164.nii,16,13,17,"[88, 36, 78, 1]","[-0.56, -0.655, 0.529]"
parietal,165,462,/data/users4/sdeshpande8/3D_Mask_Brain_CNN/3D_Mask_Data/masks_3D_parietal/parietal_165.nii,13,10,15,"[92, 44, 79, 1]","[-0.64, -0.545, 0.547]"
parietal,194,15,/data/users4/sdeshpande8/3D_Mask_Brain_CNN/3D_Mask_Data/masks_3D_parietal/parietal_194.nii,4,3,1,"[69, 37, 75, 1]","[-0.18, -0.641, 0.476]"
parietal,229,30,/data/users4/sdeshpande8/3D_Mask_Brain_CNN/3D_Mask_Data/masks_3D_parietal/parietal_229.nii,10,3,1,"[47, 29, 80, 1]","[0.26, -0.75, 0.565]"
parietal,230,62,/data/users4/sdeshpande8/3D_Mask_Brain_CNN/3D_Mask_Data/masks_3D_parietal/parietal_230.nii,5,6,3,"[42, 32, 81, 1]","[0.36, -0.709, 0.582]"
parietal,237,13,/data/users4/sdeshpande8/3D_Mask_Brain_CNN/3D_Mask_Data/masks_3D_parietal/parietal_237.nii,8,4,0,"[19, 67, 59, 1]","[0.82, -0.232, 0.194]"
parietal,238,8,/data/users4/sdeshpande8/3D_Mask_Brain_CNN/3D_Mask_Data/masks_3D_parietal/parietal_238.nii,3,2,0,"[16, 67, 59, 1]","[0.88, -0.232, 0.194]"
parietal,240,27,/data/users4/sdeshpande8/3D_Mask_Brain_CNN/3D_Mask_Data/masks_3D_parietal/parietal_240.nii,5,4,2,"[30, 62, 64, 1]","[0.6, -0.3, 0.282]"
parietal,242,14,/data/users4/sdeshpande8/3D_Mask_Brain_CNN/3D_Mask_Data/masks_3D_parietal/parietal_242.nii,4,2,3,"[19, 84, 59, 1]","[0.82, 0.0, 0.194]"
parietal,243,16,/data/users4/sdeshpande8/3D_Mask_Brain_CNN/3D_Mask_Data/masks_3D_parietal/parietal_243.nii,5,9,1,"[27, 70, 64, 1]","[0.66, -0.191, 0.282]"
parietal,244,195,/data/users4/sdeshpande8/3D_Mask_Brain_CNN/3D_Mask_Data/masks_3D_parietal/parietal_244.nii,9,7,8,"[19, 77, 61, 1]","[0.82, -0.095, 0.229]"
parietal,245,25,/data/users4/sdeshpande8/3D_Mask_Brain_CNN/3D_Mask_Data/masks_3D_parietal/parietal_245.nii,3,2,5,"[19, 84, 70, 1]","[0.82, 0.0, 0.388]"
parietal,246,813,/data/users4/sdeshpande8/3D_Mask_Brain_CNN/3D_Mask_Data/masks_3D_parietal/parietal_246.nii,16,12,19,"[22, 79, 67, 1]","[0.76, -0.068, 0.335]"
parietal,247,570,/data/users4/sdeshpande8/3D_Mask_Brain_CNN/3D_Mask_Data/masks_3D_parietal/parietal_247.nii,10,10,14,"[19, 74, 69, 1]","[0.82, -0.136, 0.371]"
parietal,248,149,/data/users4/sdeshpande8/3D_Mask_Brain_CNN/3D_Mask_Data/masks_3D_parietal/parietal_248.nii,14,12,7,"[25, 78, 71, 1]","[0.7, -0.082, 0.406]"
parietal,249,281,/data/users4/sdeshpande8/3D_Mask_Brain_CNN/3D_Mask_Data/masks_3D_parietal/parietal_249.nii,11,7,14,"[23, 73, 75, 1]","[0.74, -0.15, 0.476]"
parietal,251,52,/data/users4/sdeshpande8/3D_Mask_Brain_CNN/3D_Mask_Data/masks_3D_parietal/parietal_251.nii,9,4,13,"[22, 75, 82, 1]","[0.76, -0.123, 0.6]"
parietal,252,3,/data/users4/sdeshpande8/3D_Mask_Brain_CNN/3D_Mask_Data/masks_3D_parietal/parietal_252.nii,2,0,0,"[32, 72, 73, 1]","[0.56, -0.164, 0.441]"
parietal,253,732,/data/users4/sdeshpande8/3D_Mask_Brain_CNN/3D_Mask_Data/masks_3D_parietal/parietal_253.nii,14,15,17,"[28, 67, 86, 1]","[0.64, -0.232, 0.671]"
parietal,255,123,/data/users4/sdeshpande8/3D_Mask_Brain_CNN/3D_Mask_Data/masks_3D_parietal/parietal_255.nii,10,6,12,"[32, 69, 84, 1]","[0.56, -0.205, 0.635]"
parietal,256,1,/data/users4/sdeshpande8/3D_Mask_Brain_CNN/3D_Mask_Data/masks_3D_parietal/parietal_256.nii,0,0,0,"[32, 69, 84, 1]","[0.56, -0.205, 0.635]"
parietal,257,390,/data/users4/sdeshpande8/3D_Mask_Brain_CNN/3D_Mask_Data/masks_3D_parietal/parietal_257.nii,14,7,14,"[39, 61, 90, 1]","[0.42, -0.314, 0.741]"
parietal,258,562,/data/users4/sdeshpande8/3D_Mask_Brain_CNN/3D_Mask_Data/masks_3D_parietal/parietal_258.nii,15,7,13,"[39, 57, 92, 1]","[0.42, -0.368, 0.776]"
parietal,259,158,/data/users4/sdeshpande8/3D_Mask_Brain_CNN/3D_Mask_Data/masks_3D_parietal/parietal_259.nii,12,7,18,"[37, 66, 88, 1]","[0.46, -0.245, 0.706]"
parietal,262,225,/data/users4/sdeshpande8/3D_Mask_Brain_CNN/3D_Mask_Data/masks_3D_parietal/parietal_262.nii,5,5,15,"[51, 58, 95, 1]","[0.18, -0.355, 0.829]"
parietal,264,45,/data/users4/sdeshpande8/3D_Mask_Brain_CNN/3D_Mask_Data/masks_3D_parietal/parietal_264.nii,13,5,12,"[46, 64, 92, 1]","[0.28, -0.273, 0.776]"
parietal,265,305,/data/users4/sdeshpande8/3D_Mask_Brain_CNN/3D_Mask_Data/masks_3D_parietal/parietal_265.nii,9,8,13,"[45, 60, 94, 1]","[0.3, -0.327, 0.812]"
parietal,267,435,/data/users4/sdeshpande8/3D_Mask_Brain_CNN/3D_Mask_Data/masks_3D_parietal/parietal_267.nii,11,14,9,"[48, 53, 97, 1]","[0.24, -0.423, 0.865]"
parietal,270,134,/data/users4/sdeshpande8/3D_Mask_Brain_CNN/3D_Mask_Data/masks_3D_parietal/parietal_270.nii,9,5,10,"[49, 62, 97, 1]","[0.22, -0.3, 0.865]"
parietal,273,3,/data/users4/sdeshpande8/3D_Mask_Brain_CNN/3D_Mask_Data/masks_3D_parietal/parietal_273.nii,2,0,0,"[32, 48, 62, 1]","[0.56, -0.491, 0.247]"
parietal,274,388,/data/users4/sdeshpande8/3D_Mask_Brain_CNN/3D_Mask_Data/masks_3D_parietal/parietal_274.nii,14,11,12,"[29, 36, 72, 1]","[0.62, -0.655, 0.424]"
parietal,275,96,/data/users4/sdeshpande8/3D_Mask_Brain_CNN/3D_Mask_Data/masks_3D_parietal/parietal_275.nii,11,9,8,"[39, 40, 75, 1]","[0.42, -0.6, 0.476]"
parietal,276,366,/data/users4/sdeshpande8/3D_Mask_Brain_CNN/3D_Mask_Data/masks_3D_parietal/parietal_276.nii,9,10,15,"[22, 69, 78, 1]","[0.76, -0.205, 0.529]"
parietal,277,218,/data/users4/sdeshpande8/3D_Mask_Brain_CNN/3D_Mask_Data/masks_3D_parietal/parietal_277.nii,13,6,7,"[48, 31, 83, 1]","[0.24, -0.723, 0.618]"
parietal,278,498,/data/users4/sdeshpande8/3D_Mask_Brain_CNN/3D_Mask_Data/masks_3D_parietal/parietal_278.nii,13,8,17,"[32, 58, 82, 1]","[0.56, -0.355, 0.6]"
parietal,279,498,/data/users4/sdeshpande8/3D_Mask_Brain_CNN/3D_Mask_Data/masks_3D_parietal/parietal_279.nii,11,10,17,"[31, 66, 80, 1]","[0.58, -0.245, 0.565]"
parietal,280,463,/data/users4/sdeshpande8/3D_Mask_Brain_CNN/3D_Mask_Data/masks_3D_parietal/parietal_280.nii,10,12,14,"[39, 40, 84, 1]","[0.42, -0.6, 0.635]"
parietal,281,465,/data/users4/sdeshpande8/3D_Mask_Brain_CNN/3D_Mask_Data/masks_3D_parietal/parietal_281.nii,13,10,17,"[35, 54, 82, 1]","[0.5, -0.409, 0.6]"
parietal,282,745,/data/users4/sdeshpande8/3D_Mask_Brain_CNN/3D_Mask_Data/masks_3D_parietal/parietal_282.nii,11,12,13,"[45, 39, 86, 1]","[0.3, -0.614, 0.671]"
parietal,283,499,/data/users4/sdeshpande8/3D_Mask_Brain_CNN/3D_Mask_Data/masks_3D_parietal/parietal_283.nii,12,10,17,"[36, 60, 83, 1]","[0.48, -0.327, 0.618]"
parietal,284,822,/data/users4/sdeshpande8/3D_Mask_Brain_CNN/3D_Mask_Data/masks_3D_parietal/parietal_284.nii,15,13,18,"[37, 50, 83, 1]","[0.46, -0.464, 0.618]"
parietal,285,30,/data/users4/sdeshpande8/3D_Mask_Brain_CNN/3D_Mask_Data/masks_3D_parietal/parietal_285.nii,4,9,7,"[52, 34, 83, 1]","[0.16, -0.682, 0.618]"
parietal,286,935,/data/users4/sdeshpande8/3D_Mask_Brain_CNN/3D_Mask_Data/masks_3D_parietal/parietal_286.nii,15,14,15,"[41, 45, 87, 1]","[0.38, -0.532, 0.688]"
parietal,287,37,/data/users4/sdeshpande8/3D_Mask_Brain_CNN/3D_Mask_Data/masks_3D_parietal/parietal_287.nii,4,11,10,"[51, 49, 91, 1]","[0.18, -0.477, 0.759]"
parietal,288,311,/data/users4/sdeshpande8/3D_Mask_Brain_CNN/3D_Mask_Data/masks_3D_parietal/parietal_288.nii,9,14,10,"[50, 42, 92, 1]","[0.2, -0.573, 0.776]"
parietal,289,871,/data/users4/sdeshpande8/3D_Mask_Brain_CNN/3D_Mask_Data/masks_3D_parietal/parietal_289.nii,17,15,11,"[42, 51, 93, 1]","[0.36, -0.45, 0.794]"
parietal,296,211,/data/users4/sdeshpande8/3D_Mask_Brain_CNN/3D_Mask_Data/masks_3D_parietal/parietal_296.nii,12,7,4,"[20, 58, 65, 1]","[0.8, -0.355, 0.3]"
parietal,297,481,/data/users4/sdeshpande8/3D_Mask_Brain_CNN/3D_Mask_Data/masks_3D_parietal/parietal_297.nii,15,8,11,"[22, 64, 65, 1]","[0.76, -0.273, 0.3]"
parietal,298,587,/data/users4/sdeshpande8/3D_Mask_Brain_CNN/3D_Mask_Data/masks_3D_parietal/parietal_298.nii,11,11,10,"[20, 70, 64, 1]","[0.8, -0.191, 0.282]"
parietal,299,683,/data/users4/sdeshpande8/3D_Mask_Brain_CNN/3D_Mask_Data/masks_3D_parietal/parietal_299.nii,10,13,17,"[19, 68, 74, 1]","[0.82, -0.218, 0.459]"
parietal,300,763,/data/users4/sdeshpande8/3D_Mask_Brain_CNN/3D_Mask_Data/masks_3D_parietal/parietal_300.nii,12,12,18,"[20, 58, 73, 1]","[0.8, -0.355, 0.441]"
parietal,315,21,/data/users4/sdeshpande8/3D_Mask_Brain_CNN/3D_Mask_Data/masks_3D_parietal/parietal_315.nii,4,3,3,"[50, 55, 89, 1]","[0.2, -0.395, 0.724]"
parietal,316,5,/data/users4/sdeshpande8/3D_Mask_Brain_CNN/3D_Mask_Data/masks_3D_parietal/parietal_316.nii,2,1,1,"[51, 59, 88, 1]","[0.18, -0.341, 0.706]"
parietal,332,990,/data/users4/sdeshpande8/3D_Mask_Brain_CNN/3D_Mask_Data/masks_3D_parietal/parietal_332.nii,13,12,19,"[24, 49, 79, 1]","[0.72, -0.477, 0.547]"
parietal,333,561,/data/users4/sdeshpande8/3D_Mask_Brain_CNN/3D_Mask_Data/masks_3D_parietal/parietal_333.nii,11,11,14,"[23, 57, 80, 1]","[0.74, -0.368, 0.565]"
parietal,334,493,/data/users4/sdeshpande8/3D_Mask_Brain_CNN/3D_Mask_Data/masks_3D_parietal/parietal_334.nii,10,12,14,"[36, 37, 80, 1]","[0.48, -0.641, 0.565]"
parietal,335,369,/data/users4/sdeshpande8/3D_Mask_Brain_CNN/3D_Mask_Data/masks_3D_parietal/parietal_335.nii,10,10,16,"[24, 61, 82, 1]","[0.72, -0.314, 0.6]"
parietal,336,351,/data/users4/sdeshpande8/3D_Mask_Brain_CNN/3D_Mask_Data/masks_3D_parietal/parietal_336.nii,9,8,15,"[29, 54, 81, 1]","[0.62, -0.409, 0.582]"
parietal,337,860,/data/users4/sdeshpande8/3D_Mask_Brain_CNN/3D_Mask_Data/masks_3D_parietal/parietal_337.nii,13,13,17,"[34, 47, 82, 1]","[0.52, -0.505, 0.6]"
parietal,362,125,/data/users4/sdeshpande8/3D_Mask_Brain_CNN/3D_Mask_Data/masks_3D_parietal/parietal_362.nii,11,7,5,"[25, 55, 65, 1]","[0.7, -0.395, 0.3]"
parietal,363,382,/data/users4/sdeshpande8/3D_Mask_Brain_CNN/3D_Mask_Data/masks_3D_parietal/parietal_363.nii,15,9,8,"[27, 44, 66, 1]","[0.66, -0.545, 0.318]"
parietal,364,828,/data/users4/sdeshpande8/3D_Mask_Brain_CNN/3D_Mask_Data/masks_3D_parietal/parietal_364.nii,17,11,10,"[26, 49, 67, 1]","[0.68, -0.477, 0.335]"
parietal,365,560,/data/users4/sdeshpande8/3D_Mask_Brain_CNN/3D_Mask_Data/masks_3D_parietal/parietal_365.nii,14,9,13,"[22, 54, 70, 1]","[0.76, -0.409, 0.388]"
parietal,366,1034,/data/users4/sdeshpande8/3D_Mask_Brain_CNN/3D_Mask_Data/masks_3D_parietal/parietal_366.nii,16,15,20,"[28, 41, 76, 1]","[0.64, -0.586, 0.494]"
